# Leaperkim Sherman L FFE1 notifications; source MAC removed
# Source diagnostics were newest first; timestamps converted to elapsed ms and chronological order restored
# Format: elapsed_ms TAB hex bytes
0	80 80 80 80 80 80 03 07 1D 06 F0 07 43 07 3E 06 D4 07 40 0F
5	F3 0F F4 0F F5 0F F5 0F F5 0F EF 0F F8 0F EF 00 00 00 00 46
17	56 00 01 1B 06 02 D8 00 00 00 00 00 BC FF EA D3 64 0C 9D
112	DC 5A 5C 49 39 4E 00 0E 66 7F 00 00 B2 84 00 62 00 78 0E C8
114	03 84 00 00 02 EE 03 20 17 7A 00 80 00 24 01 D4 80 C8 00 00
115	80 80 80 80 80 80 04 00 01 44 FF FF FF FF FF 32 11 FE 14 0B
173	B8 14 31 02 1F 00 7D FF 9C FF FB 00 00 28 85 D3 0E
308	DC 5A 5C 53 39 49 FF F6 66 7F 00 00 B2 84 00 62 00 46 0E C7
309	03 83 00 00 02 EE 03 20 17 7A 00 80 00 00 02 82 80 C8 00 00
311	80 80 80 80 80 80 05 00 00 00 00 80 24 0F F7 0F F8 0F F8 0F
316	F8 0F F8 0F F2 0F F6 0F F7 0F F7 0F F7 0F F8 0F F2 0F F5 0F
323	F6 0F F6 2C 37 10 1D
501	DC 5A 5C 53 39 4F FF F1 66 7F 00 00 B2 84 00 62 FF 69 0E C9
506	03 84 00 00 02 EE 03 20 17 7A 00 80 FF 16 01 53 80 C8 00 00
518	80 80 80 80 80 80 06 80 80 80 80 80 80 0F F7 0F F7 0F F1 0F
526	F8 0F F8 0F F8 0F F8 0F F8 0F F2 0F F8 0F F8 0F F8 0F F9 0F
532	F9 0F F3 5A E1 28 37
712	DC 5A 5C 47 39 4F FF ED 66 7F 00 00 B2 84 00 62 FF D5 0E C6
746	03 84 00 00 02 EE 03 20 17 7A 00 80 FF 33 01 82 80 C8 00 00
754	80 80 80 80 80 80 08 00 00 80 1E F6 50 5A 4B 4B 00 00 00 00
755	01 01 32 32 3C 91 50 80 14 80 80 85 CE 4C 96
907	DC 5A 5C 5F 39 4E FF F2 66 7F 00 00 B2 84 00 62 FF E3 0E C6
913	03 84 00 00 02 EE 03 20 17 7A 00 80 FF BE 01 73 80 C8 00 00
924	80 80 80 80 80 80 07 06 FA 06 FC 07 31 07 1D 07 40 07 39 0F
930	F7 0F F8 0F F8 0F F8 0F F8 0F F1 0F F8 0F EF 00 00 00 00 45
935	A7 00 01 E2 29 02 E5 00 00 00 00 00 BC 00 00 8D EC 16 1C
1232	DC 5A 5C 49 39 4F 00 08 66 7F 00 00 B2 84 00 62 00 82 0E C6
1239	03 84 00 00 02 EE 03 20 17 7A 00 80 FF F3 01 67 80 C8 00 00
1248	80 80 80 80 80 80 00 00 01 45 FF FF FF FF FF 32 11 FE 41 0B
1253	B9 14 34 02 1E 00 E1 FF 9C 00 0D 00 0E DD 94 B8 1A
1328	DC 5A 5C 53 39 4F FF F9 66 7F 00 00 B2 84 00 62 FF 74 0E C9
1343	03 84 00 00 02 EE 03 20 17 7A 00 80 FF 22 01 68 80 C8 00 00
1352	80 80 80 80 80 80 01 00 08 00 80 80 24 0F F5 0F F6 0F F7 0F
1360	F7 0F F7 0F F1 0F F5 0F F6 0F F7 0F F7 0F F7 0F F1 0F F6 0F
1370	F8 0F F8 BF EB 10 9A
1523	DC 5A 5C 53 39 4E FF F8 66 7F 00 00 B2 84 00 62 00 79 0E C8
1524	03 84 00 00 02 EE 03 20 17 7A 00 80 00 29 01 92 80 C8 00 00
1526	80 80 80 80 80 80 02 32 01 01 5E 80 80 0F F8 0F F8 0F F2 0F
1526	F7 0F F7 0F F8 0F F8 0F F8 0F F2 0F F7 0F F7 0F F7 0F F7 0F
1544	F7 0F F2 31 DB 83 4C
1716	DC 5A 5C 5F 39 4A FF F8 66 7F 00 00 B2 84 00 62 00 69 0E C5
1724	03 84 00 00 02 EE 03 20 17 7A 00 80 00 27 02 31 80 C8 00 00
1725	80 80 80 80 80 80 03 07 1D 06 F0 07 40 07 3E 06 D4 07 40 0F
1745	F3 0F F5 0F F5 0F F5 0F F6 0F F0 0F F7 0F F0 00 00 00 00 46
1761	57 00 01 1B 09 02 D8 00 00 00 00 00 BC FF EA 66 87 CF C4
1948	DC 5A 5C 49 39 4E FF F6 66 7F 00 00 B2 84 00 62 FF 19 0E C8
1963	03 84 00 00 02 EE 03 20 17 7A 00 80 FE A0 01 93 80 C8 00 02
1970	80 80 80 80 80 80 04 00 01 46 FF FF FF FF FF 32 11 FD A3 0B
1975	BA 14 34 02 1D 00 EE FF 9C 00 00 FF F9 BD E0 D5 11
2236	DC 5A 5C 53 39 4E FF F5 66 7F 00 00 B2 84 00 62 00 99 0E CA
2332	03 84 00 00 02 EE 03 20 17 7A 00 80 00 3F 01 92 80 C8 00 00
2343	80 80 80 80 80 80 05 00 00 00 00 80 24 0F F6 0F F8 0F F8 0F
2344	F8 0F F8 0F F2 0F F5 0F F7 0F F7 0F F7 0F F7 0F F1 0F F4 0F
2345	F6 0F F6 9A 38 B0 B5
2354	DC 5A 5C 53 39 4E FF F8 66 7F 00 00 B2 84 00 62 00 0A 0E C8
2358	03 84 00 00 02 EE 03 20 17 7A 00 80 FF 63 01 54 80 C8 00 00
2363	80 80 80 80 80 80 06 80 80 80 80 80 80 0F F6 0F F6 0F F0 0F
2368	F7 0F F8 0F F8 0F F8 0F F8 0F F2 0F F7 0F F8 0F F8 0F F9 0F
2368	F9 0F F3 A8 C3 03 CD
2511	DC 5A 5C 5F 39 4B FF FB 66 7F 00 00 B2 84 00 62 00 44 0E C9
2542	03 83 00 00 02 EE 03 20 17 7A 00 80 00 03 01 E0 80 C8 00 00
2543	80 80 80 80 80 80 07 06 FA 06 FC 07 31 07 1D 07 3E 07 39 0F
2544	F7 0F F9 0F F9 0F F9 0F FA 0F F3 0F FA 0F F0 00 00 00 00 45
2544	A7 00 01 E2 29 02 E5 00 00 00 00 00 BC 00 00 98 29 C2 B6
2708	DC 5A 5C 49 39 4D FF FB 66 7F 00 00 B2 84 00 62 00 31 0E C8
2722	03 84 00 00 02 EE 03 20 17 7A 00 80 FF E1 02 24 80 C8 00 00
2726	80 80 80 80 80 80 00 00 01 46 FF FF FF FF FF 32 11 FD A0 0B
2733	BC 14 30 02 1F 00 E6 FF 9C 00 05 00 01 33 A7 FF 6E
2917	DC 5A 5C 53 39 4D FF F5 66 7F 00 00 B2 84 00 62 00 11 0E CA
2927	03 84 00 00 02 EE 03 20 17 7A 00 80 FF B6 02 18 80 C8 00 00
2929	80 80 80 80 80 80 01 00 08 00 80 80 24 0F F5 0F F6 0F F6 0F
2935	F6 0F F7 0F F0 0F F3 0F F5 0F F6 0F F6 0F F6 0F F0 0F F5 0F
2940	F6 0F F7 68 62 55 75
3114	DC 5A 5C 53 39 4F FF F0 66 80 00 00 B2 85 00 62 FF F1 0E C9
3132	03 84 00 00 02 EE 03 20 17 7A 00 80 FF 8F 00 F8 80 C8 00 00
3137	80 80 80 80 80 80 02 32 01 01 5E 80 80 0F F8 0F F8 0F F1 0F
3144	F7 0F F7 0F F7 0F F7 0F F7 0F F1 0F F5 0F F7 0F F7 0F F7 0F
3144	F7 0F F1 A4 1F 4B 56
3324	DC 5A 5C 5F 39 50 FF F0 66 80 00 00 B2 85 00 62 FF E7 0E CA
3329	03 84 00 00 02 EE 03 20 17 7A 00 80 FF 7F 00 82 80 C8 00 00
3335	80 80 80 80 80 80 03 07 1D 06 F0 07 40 07 3E 06 D7 07 40 0F
3341	F4 0F F5 0F F5 0F F5 0F F5 0F EF 0F F8 0F EF 00 00 00 00 46
3342	57 00 01 1B 09 02 D8 00 00 00 00 00 BC FF EA 26 15 1D 26
3517	DC 5A 5C 49 39 51 FF F0 66 80 00 00 B2 85 00 62 FF EF 0E C9
3530	03 84 00 00 02 EE 03 20 17 7A 00 80 FF 8A 00 7A 80 C8 00 00
3532	80 80 80 80 80 80 04 00 01 47 FF FF FF FF FF 32 11 FD B2 0B
3561	BF 14 2F 02 1F 00 DE FF 9C 00 05 00 0B 3F BA 97 D9
3714	DC 5A 5C 53 39 50 FF F4 66 80 00 00 B2 85 00 62 FF E2 0E C6
3718	03 84 00 00 02 EE 03 20 17 7A 00 80 FF 79 01 04 80 C8 00 00
3733	80 80 80 80 80 80 05 00 00 00 00 80 24 0F F6 0F F6 0F F7 0F
3738	F7 0F F6 0F F1 0F F5 0F F6 0F F6 0F F6 0F F8 0F F1 0F F3 0F
3738	F6 0F F5 5B 36 53 5A
3923	DC 5A 5C 53 39 4D 00 08 66 80 00 00 B2 85 00 62 FF FD 0E CA
3940	03 84 00 00 02 EE 03 20 17 7A 00 80 FF 99 00 C9 80 C8 00 00
3945	80 80 80 80 80 80 06 80 80 80 80 80 80 0F F5 0F F6 0F F0 0F
3945	F8 0F F8 0F F7 0F F8 0F F8 0F F2 0F F7 0F F8 0F F8 0F F8 0F
3947	F8 0F F2 82 C4 2A EF
4119	DC 5A 5C 5F 39 50 00 05 66 80 00 00 B2 85 00 62 FF FF 0E CB
4126	03 84 00 00 02 EE 03 20 17 7A 00 80 FF 9D 00 38 80 C8 00 00
4135	80 80 80 80 80 80 07 06 FA 06 FC 07 31 07 1D 07 3E 07 39 0F
4143	F8 0F F9 0F F9 0F F8 0F F9 0F F3 0F F9 0F F0 00 00 00 00 45
4150	A7 00 01 E2 29 02 E5 00 00 00 00 00 BC 00 00 71 31 78 0D
4311	DC 5A 5C 49 39 50 00 04 66 80 00 00 B2 85 00 62 00 06 0E C9
4328	03 84 00 00 02 EE 03 20 17 7A 00 80 FF A7 00 98 80 C8 00 00
4349	80 80 80 80 80 80 00 00 01 48 FF FF FF FF FF 32 11 F7 70 0B
4353	C1 14 34 02 1E 00 D7 FF 9C 00 06 00 0B B9 5B BB FD
4527	DC 5A 5C 53 39 50 00 02 66 80 00 00 B2 85 00 62 FF EF 0E C9
4531	03 83 00 00 02 EE 03 20 17 7A 00 80 FF 8C 00 90 80 C8 00 00
4535	80 80 80 80 80 80 01 00 09 00 80 80 24 0F F5 0F F6 0F F6 0F
4536	F6 0F F7 0F F1 0F F5 0F F6 0F F7 0F F7 0F F7 0F F1 0F F7 0F
4542	F8 0F F8 F3 E3 79 F0
4720	DC 5A 5C 47 39 50 00 01 66 80 00 00 B2 85 00 62 FF EC 0E CA
4737	03 83 00 00 02 EE 03 20 17 7A 00 80 FF 85 00 E8 80 C8 00 00
4739	80 80 80 80 80 80 08 00 00 80 1E F6 50 5A 4B 4B 00 00 00 00
4744	01 01 32 32 3C 91 50 80 14 80 80 C7 0A 6F CE
4931	DC 5A 5C 53 39 51 00 00 66 80 00 00 B2 85 00 62 FF F6 0E CB
4936	03 83 00 00 02 EE 03 20 17 7A 00 80 FF 90 00 B2 80 C8 00 00
4937	80 80 80 80 80 80 02 32 01 01 5E 80 80 0F F8 0F F9 0F F2 0F
4952	F7 0F F7 0F F8 0F F8 0F F8 0F F1 0F F5 0F F6 0F F6 0F F7 0F
4962	F7 0F F1 8D 99 36 DD
5122	DC 5A 5C 5F 39 51 00 00 66 80 00 00 B2 85 00 62 FF F9 0E C9
5146	03 83 00 00 02 EE 03 20 17 7A 00 80 FF 96 00 41 80 C8 00 00
5150	80 80 80 80 80 80 03 07 1D 06 F0 07 40 07 3E 06 D7 07 40 0F
5158	F4 0F F7 0F F6 0F F6 0F F6 0F EF 0F F9 0F EF 00 00 00 00 46
5162	57 00 01 1B 09 02 D8 00 00 00 00 00 BC FF EA BB 98 47 C3
5317	DC 5A 5C 49 39 4E 00 00 66 80 00 00 B2 85 00 62 FF ED 0E CA
5332	03 83 00 00 02 EE 03 20 17 7A 00 80 FF 88 00 87 80 C8 00 00
5333	80 80 80 80 80 80 04 00 01 49 FF FF FF FF FF 32 11 F7 98 0B
5335	C2 14 34 02 1F 00 CD FF 9C 00 00 00 01 A2 41 70 A2
